channels,means,stds
0,0.996397635,0.038096647
1,0.996397635,0.038096647
2,0.996397635,0.038096647
