channels,means,stds
0,0.938531596,0.150054482
1,0.938531596,0.150054482
2,0.938531596,0.150054482
