channels,means,stds
0,0.967963108,0.11137334
1,0.967963108,0.11137334
2,0.967963108,0.11137334
